{"cameraMode":{"drawMode":0,"name":"Shaded","section":"Shading Mode"},"sceneLighting":true,"audioPlay":false,"sceneViewState":{"showFog":false,"showMaterialUpdate":false,"showSkybox":false,"showFlares":false,"showImageEffects":false,"showParticleSystems":false},"in2DMode":false,"pivot":{"x":5.343305587768555,"y":7.466061115264893,"z":1.2465791702270508},"rotation":{"x":-0.0151112861931324,"y":-0.984352707862854,"z":0.10672683268785477,"w":-0.13945065438747407},"size":7.880433082580566,"orthographic":false}