{"cameraMode":{"drawMode":0,"name":"Shaded","section":"Shading Mode"},"sceneLighting":true,"audioPlay":false,"sceneViewState":{"showFog":false,"showMaterialUpdate":false,"showSkybox":false,"showFlares":false,"showImageEffects":false,"showParticleSystems":false},"in2DMode":false,"pivot":{"x":-6.119384765625,"y":9.345453262329102,"z":11.446793556213379},"rotation":{"x":-0.059245891869068149,"y":0.8090708255767822,"z":-0.08281244337558747,"w":-0.5788252949714661},"size":5.778694152832031,"orthographic":false}