{"cameraMode":{"drawMode":0,"name":"Shaded","section":"Shading Mode"},"sceneLighting":true,"audioPlay":false,"sceneViewState":{"showFog":false,"showMaterialUpdate":false,"showSkybox":false,"showFlares":false,"showImageEffects":false,"showParticleSystems":false},"in2DMode":false,"pivot":{"x":10.253713607788086,"y":7.589142322540283,"z":6.919592380523682},"rotation":{"x":0.05518048629164696,"y":0.8983687162399292,"z":-0.11819011718034744,"w":0.4194289445877075},"size":7.503320693969727,"orthographic":false}