{"cameraMode":{"drawMode":0,"name":"Shaded","section":"Shading Mode"},"sceneLighting":true,"audioPlay":false,"sceneViewState":{"showFog":false,"showMaterialUpdate":false,"showSkybox":false,"showFlares":false,"showImageEffects":false,"showParticleSystems":false},"in2DMode":false,"pivot":{"x":-4.322002410888672,"y":8.265872955322266,"z":7.162625789642334},"rotation":{"x":-0.04531000182032585,"y":0.9238501787185669,"z":-0.11561723798513413,"w":-0.36205267906188967},"size":5.423463821411133,"orthographic":false}