{"cameraMode":{"drawMode":0,"name":"Shaded","section":"Shading Mode"},"sceneLighting":false,"audioPlay":false,"sceneViewState":{"showFog":false,"showMaterialUpdate":false,"showSkybox":false,"showFlares":false,"showImageEffects":false,"showParticleSystems":false},"in2DMode":false,"pivot":{"x":-4.418861389160156,"y":13.027382850646973,"z":14.846136093139649},"rotation":{"x":0.08279050141572952,"y":-0.16160695254802705,"z":0.01360704842954874,"w":0.9832820892333984},"size":0.38543015718460085,"orthographic":false}